X,Y,Z
2.352067873037386,0.0,-2.1292794550948173
2.332757428312962,0.3007757636933339,-2.1292794550948173
2.2751431711081995,0.5966127976622181,-2.1292794550948173
2.180171125933568,0.8826534659877397,-2.1292794550948173
2.049400731145192,1.1542009888040148,-2.1292794550948173
1.8849792330101527,1.4067965632937367,-2.1292794550948173
1.6896064279821508,1.6362925771071657,-2.1292794550948173
1.4664903321183727,1.838920712042245,-2.1292794550948173
1.2192945055445246,2.0113538197252976,-2.1292794550948173
0.9520778968988516,2.150760553295339,-2.1292794550948173
0.6692281955077135,2.2548518580412553,-2.1292794550948173
0.3753897856481505,2.321918557616879,-2.1292794550948173
0.07538748588645613,2.350859418669337,-2.1292794550948173
-0.22585267430929432,2.3411992330602605,-2.1292794550948173
-0.5233843398369209,2.293096620770281,-2.1292794550948173
-0.8123220489741657,2.2073414253633317,-2.1292794550948173
-1.08792145252511,2.085341744777164,-2.1292794550948173
-1.345657215902804,1.9291008103941396,-2.1292794550948173
-1.5812973249980757,1.741184094037314,-2.1292794550948173
-1.7909725757342034,1.5246771829940284,-2.1292794550948173
-1.9712401062908846,1.2831351147579564,-2.1292794550948173
-2.119139928800144,1.020524003411743,-2.1292794550948173
-2.232243532265291,0.7411559161434188,-2.1292794550948173
-2.3086937586443446,0.4496180692223807,-2.1292794550948173
-2.347235297333742,0.1506975060350736,-2.1292794550948173
-2.347235297333742,-0.15069750603507198,-2.1292794550948173
-2.308693758644345,-0.4496180692223791,-2.1292794550948173
-2.2322435322652914,-0.7411559161434172,-2.1292794550948173
-2.1191399288001445,-1.0205240034117427,-2.1292794550948173
-1.9712401062908853,-1.2831351147579553,-2.1292794550948173
-1.7909725757342043,-1.524677182994027,-2.1292794550948173
-1.5812973249980768,-1.741184094037313,-2.1292794550948173
-1.3456572159028053,-1.9291008103941387,-2.1292794550948173
-1.0879214525251106,-2.0853417447771636,-2.1292794550948173
-0.8123220489741673,-2.2073414253633312,-2.1292794550948173
-0.5233843398369215,-2.293096620770281,-2.1292794550948173
-0.22585267430929643,-2.3411992330602605,-2.1292794550948173
0.07538748588645502,-2.350859418669337,-2.1292794550948173
0.3753897856481484,-2.3219185576168795,-2.1292794550948173
0.669228195507712,-2.2548518580412558,-2.1292794550948173
0.9520778968988491,-2.1507605532953398,-2.1292794550948173
1.219294505544523,-2.0113538197252985,-2.1292794550948173
1.4664903321183722,-1.8389207120422453,-2.1292794550948173
1.6896064279821492,-1.636292577107167,-2.1292794550948173
1.884979233010152,-1.4067965632937374,-2.1292794550948173
2.049400731145191,-1.1542009888040168,-2.1292794550948173
2.1801711259335677,-0.8826534659877409,-2.1292794550948173
2.2751431711081986,-0.5966127976622204,-2.1292794550948173
2.332757428312962,-0.3007757636933354,-2.1292794550948173
2.352067873037386,-5.760904784185115e-16,-2.1292794550948173
2.1440331672988213,0.0,-1.8968959171540418
2.1264306846327963,0.2741728759916149,-1.8968959171540418
2.0739122689134497,0.5438438409393657,-1.8968959171540418
1.987340271074944,0.8045849050542666,-1.8968959171540418
1.868136200928375,1.0521147072721269,-1.8968959171540418
1.7182573860099752,1.28236881508386,-1.8968959171540418
1.540164832317081,1.4915664624049154,-1.8968959171540418
1.3367828146576952,1.676272629649863,-1.8968959171540418
1.1114508601389859,1.8334544466590175,-1.8968959171540418
0.867868913224512,1.9605309923426153,-1.8968959171540418
0.6100365827484228,2.0554156733337523,-1.8968959171540418
0.3421874684489757,2.1165504857937822,-1.8968959171540418
0.06871964537788004,2.142931597792275,-1.8968959171540418
-0.20587655237046323,2.134125832199561,-1.8968959171540418
-0.4770922628206485,2.0902777794432224,-1.8968959171540418
-0.7404741315052457,2.012107423337275,-1.8968959171540418
-0.9916974354220391,1.9008983189678414,-1.8968959171540418
-1.2266370948661582,1.7584765167541268,-1.8968959171540418
-1.441435407124788,1.5871805787510167,-1.8968959171540418
-1.6325653898490613,1.3898231795247906,-1.8968959171540418
-1.7968886940067192,1.169644922114503,-1.8968959171540418
-1.9317071354864568,0.9302611274196738,-1.8968959171540418
-2.034806999206433,0.6756024707310714,-1.8968959171540418
-2.1044953882547146,0.4098504401511031,-1.8968959171540418
-2.13962802120977,0.1373686766747808,-1.8968959171540418
-2.13962802120977,-0.13736867667477937,-1.8968959171540418
-2.104495388254715,-0.4098504401511017,-1.8968959171540418
-2.0348069992064333,-0.6756024707310699,-1.8968959171540418
-1.931707135486457,-0.9302611274196734,-1.8968959171540418
-1.7968886940067201,-1.1696449221145018,-1.8968959171540418
-1.6325653898490622,-1.3898231795247895,-1.8968959171540418
-1.4414354071247888,-1.5871805787510158,-1.8968959171540418
-1.2266370948661593,-1.758476516754126,-1.8968959171540418
-0.9916974354220396,-1.9008983189678412,-1.8968959171540418
-0.7404741315052471,-2.0121074233372744,-1.8968959171540418
-0.477092262820649,-2.0902777794432224,-1.8968959171540418
-0.20587655237046515,-2.1341258321995604,-1.8968959171540418
0.06871964537787903,-2.142931597792275,-1.8968959171540418
0.34218746844897374,-2.1165504857937827,-1.8968959171540418
0.6100365827484213,-2.0554156733337527,-1.8968959171540418
0.8678689132245098,-1.9605309923426162,-1.8968959171540418
1.1114508601389843,-1.8334544466590181,-1.8968959171540418
1.3367828146576946,-1.6762726296498631,-1.8968959171540418
1.5401648323170796,-1.4915664624049165,-1.8968959171540418
1.7182573860099746,-1.2823688150838606,-1.8968959171540418
1.8681362009283742,-1.0521147072721286,-1.8968959171540418
1.9873402710749437,-0.8045849050542677,-1.8968959171540418
2.0739122689134493,-0.5438438409393678,-1.8968959171540418
2.126430684632796,-0.2741728759916162,-1.8968959171540418
2.1440331672988213,-5.251366711196527e-16,-1.8968959171540418
1.9589633997257898,0.0,-1.68483020736458
1.9428803372932744,0.2505066794007644,-1.68483020736458
1.8948952334362295,0.49690004605139915,-1.68483020736458
1.8157960022333677,0.7351343276834132,-1.68483020736458
1.7068814508742245,0.9612977239787511,-1.68483020736458
1.569939953281011,1.1716766382228678,-1.68483020736458
1.4072200850582564,1.3628166544601146,-1.68483020736458
1.221393701943544,1.531579258908226,-1.68483020736458
1.0155120680101701,1.6751933742678582,-1.68483020736458
0.7929557539954158,1.7913008607352328,-1.68483020736458
0.5573791284225019,1.8779952365925205,-1.68483020736458
0.31265035297046795,1.9338529825849393,-1.68483020736458
0.0627878673663448,1.9579569160675654,-1.68483020736458
-0.18810559328406942,1.9499112511190022,-1.68483020736458
-0.43591036529321947,1.9098480973352714,-1.68483020736458
-0.676557501155647,1.838425290593896,-1.68483020736458
-0.9060955815535404,1.7368155914069794,-1.68483020736458
-1.1207555975526893,1.6066874282260188,-1.68483020736458
-1.317012837624984,1.4501775018928589,-1.68483020736458
-1.4916447633142613,1.269855701070939,-1.68483020736458
-1.641783923228664,1.0686829047444901,-1.68483020736458
-1.7649650365132188,0.8499623646674695,-1.68483020736458
-1.8591654726933184,0.6172854660610878,-1.68483020736458
-1.9228384632111977,0.3744727571677607,-1.68483020736458
-1.9549384993228873,0.12551121595459722,-1.68483020736458
-1.9549384993228873,-0.12551121595459588,-1.68483020736458
-1.922838463211198,-0.3744727571677594,-1.68483020736458
-1.8591654726933189,-0.6172854660610865,-1.68483020736458
-1.764965036513219,-0.8499623646674691,-1.68483020736458
-1.6417839232286646,-1.068682904744489,-1.68483020736458
-1.4916447633142622,-1.269855701070938,-1.68483020736458
-1.3170128376249848,-1.450177501892858,-1.68483020736458
-1.1207555975526904,-1.6066874282260182,-1.68483020736458
-0.9060955815535409,-1.7368155914069792,-1.68483020736458
-0.6765575011556483,-1.8384252905938956,-1.68483020736458
-0.43591036529321997,-1.9098480973352714,-1.68483020736458
-0.1881055932840712,-1.949911251119002,-1.68483020736458
0.06278786736634388,-1.9579569160675654,-1.68483020736458
0.31265035297046617,-1.9338529825849398,-1.68483020736458
0.5573791284225006,-1.8779952365925208,-1.68483020736458
0.7929557539954137,-1.7913008607352336,-1.68483020736458
1.0155120680101688,-1.6751933742678589,-1.68483020736458
1.2213937019435435,-1.5315792589082262,-1.68483020736458
1.407220085058255,-1.3628166544601157,-1.68483020736458
1.5699399532810103,-1.1716766382228685,-1.68483020736458
1.7068814508742236,-0.9612977239787527,-1.68483020736458
1.8157960022333675,-0.7351343276834142,-1.68483020736458
1.8948952334362288,-0.4969000460514011,-1.68483020736458
1.9428803372932741,-0.2505066794007656,-1.68483020736458
1.9589633997257898,-4.798076514242011e-16,-1.68483020736458
1.794876270868148,0.0,-1.4908108702346867
1.780140361495337,0.22952368309348936,-1.4908108702346867
1.7361745966014093,0.4552785936561083,-1.4908108702346867
1.6637008928304235,0.6735578422977501,-1.4908108702346867
1.5639092663946563,0.8807772897903745,-1.4908108702346867
1.4384382930412942,1.0735343985350434,-1.4908108702346867
1.2893482026839673,1.2486641021352274,-1.4908108702346867
1.1190870504845243,1.4032907756995332,-1.4908108702346867
0.9304505198549571,1.53487545352292,-1.4908108702346867
0.7265360174130646,1.6412575188333831,-1.4908108702346867
0.5106918136514218,1.7206901810596151,-1.4908108702346867
0.28646206442845973,1.771869158083896,-1.4908108702346867
0.05752861602725389,1.7939540925184063,-1.4908108702346867
-0.172349450658655,1.786582350350302,-1.4908108702346867
-0.39939754412960693,1.749874975382181,-1.4908108702346867
-0.6198875409678914,1.6844347016961894,-1.4908108702346867
-0.8301990015211992,1.5913360567770571,-1.4908108702346867
-1.0268786174216191,1.4721077178005055,-1.4908108702346867
-1.206696914813568,1.3287074107962844,-1.4908108702346867
-1.3667012822252147,1.1634897648408875,-1.4908108702346867
-1.5042644523672197,0.9791676491132139,-1.4908108702346867
-1.617127641788991,0.7787676276576513,-1.4908108702346867
-1.7034376400404934,0.565580263286144,-1.4908108702346867
-1.7617772393366065,0.34310608662778846,-1.4908108702346867
-1.7911885050697731,0.11499811751268448,-1.4908108702346867
-1.7911885050697731,-0.11499811751268325,-1.4908108702346867
-1.7617772393366067,-0.3431060866277873,-1.4908108702346867
-1.7034376400404938,-0.5655802632861427,-1.4908108702346867
-1.6171276417889913,-0.778767627657651,-1.4908108702346867
-1.5042644523672204,-0.9791676491132129,-1.4908108702346867
-1.3667012822252156,-1.1634897648408866,-1.4908108702346867
-1.2066969148135687,-1.3287074107962837,-1.4908108702346867
-1.0268786174216202,-1.472107717800505,-1.4908108702346867
-0.8301990015211996,-1.591336056777057,-1.4908108702346867
-0.6198875409678926,-1.684434701696189,-1.4908108702346867
-0.3993975441296074,-1.749874975382181,-1.4908108702346867
-0.17234945065865662,-1.7865823503503018,-1.4908108702346867
0.057528616027253045,-1.7939540925184063,-1.4908108702346867
0.28646206442845806,-1.7718691580838963,-1.4908108702346867
0.5106918136514207,-1.7206901810596156,-1.4908108702346867
0.7265360174130627,-1.6412575188333838,-1.4908108702346867
0.9304505198549559,-1.5348754535229208,-1.4908108702346867
1.1190870504845238,-1.4032907756995334,-1.4908108702346867
1.289348202683966,-1.2486641021352283,-1.4908108702346867
1.4384382930412938,-1.0735343985350438,-1.4908108702346867
1.5639092663946557,-0.8807772897903758,-1.4908108702346867
1.6637008928304233,-0.673557842297751,-1.4908108702346867
1.7361745966014086,-0.45527859365611006,-1.4908108702346867
1.7801403614953368,-0.2295236830934905,-1.4908108702346867
1.794876270868148,-4.3961789599684306e-16,-1.4908108702346867
1.6500142282656785,0.0,-1.3127597466444079
1.63646763426017,0.21099913624966554,-1.3127597466444079
1.5960502869426993,0.41853367251549756,-1.3127597466444079
1.5294258380388213,0.619195897449613,-1.3127597466444079
1.4376882591576055,0.8096909428662005,-1.3127597466444079
1.3223438788080588,0.9868908853860391,-1.3127597466444079
1.1852866485266538,1.1478861068519104,-1.3127597466444079
1.028767044245459,1.2900330701782976,-1.3127597466444079
0.8553551135395542,1.4109977261572462,-1.3127597466444079
0.6678982755168983,1.5087938384818305,-1.3127597466444079
0.4694745662752993,1.5818155976914003,-1.3127597466444079
0.26334209763478467,1.6288639885185299,-1.3127597466444079
0.0528855590315924,1.649166477686561,-1.3127597466444079
-0.1584393589887984,1.642389698884647,-1.3127597466444079
-0.367162707114886,1.608644926633361,-1.3127597466444079
-0.5698572537409077,1.5484862491601445,-1.3127597466444079
-0.7631947600150579,1.4629014702859315,-1.3127597466444079
-0.9440006294294189,1.353295889713718,-1.3127597466444079
-1.1093060346068548,1.2214692280462893,-1.3127597466444079
-1.256396665364467,1.0695860754236801,-1.3127597466444079
-1.382857297611755,0.9001403490129172,-1.3127597466444079
-1.4866114512634119,0.7159143429570848,-1.3127597466444079
-1.5659554859849154,0.519933043182418,-1.3127597466444079
-1.6195865749197227,0.3154144572130206,-1.3127597466444079
-1.6466240970702355,0.1057167745762888,-1.3127597466444079
-1.6466240970702355,-0.10571677457628767,-1.3127597466444079
-1.6195865749197227,-0.3154144572130195,-1.3127597466444079
-1.5659554859849159,-0.5199330431824168,-1.3127597466444079
-1.486611451263412,-0.7159143429570844,-1.3127597466444079
-1.3828572976117555,-0.9001403490129163,-1.3127597466444079
-1.2563966653644676,-1.0695860754236792,-1.3127597466444079
-1.1093060346068555,-1.2214692280462884,-1.3127597466444079
-0.9440006294294198,-1.3532958897137173,-1.3127597466444079
-0.7631947600150583,-1.4629014702859313,-1.3127597466444079
-0.5698572537409088,-1.548486249160144,-1.3127597466444079
-0.3671627071148864,-1.608644926633361,-1.3127597466444079
-0.15843935898879988,-1.6423896988846467,-1.3127597466444079
0.052885559031591624,-1.649166477686561,-1.3127597466444079
0.26334209763478317,-1.6288639885185303,-1.3127597466444079
0.46947456627529827,-1.5818155976914008,-1.3127597466444079
0.6678982755168965,-1.5087938384818311,-1.3127597466444079
0.8553551135395531,-1.4109977261572466,-1.3127597466444079
1.0287670442454586,-1.2900330701782976,-1.3127597466444079
1.1852866485266527,-1.1478861068519113,-1.3127597466444079
1.3223438788080584,-0.9868908853860396,-1.3127597466444079
1.4376882591576046,-0.8096909428662017,-1.3127597466444079
1.529425838038821,-0.6191958974496139,-1.3127597466444079
1.5960502869426987,-0.41853367251549917,-1.3127597466444079
1.6364676342601698,-0.2109991362496666,-1.3127597466444079
1.6500142282656785,-4.0413692863863065e-16,-1.3127597466444079
1.5228256411406302,0.0,-1.148769714490448
1.5103232636772594,0.19473462072945188,-1.148769714490448
1.4730214199794482,0.3862717043702553,-1.148769714490448
1.4115326052894495,0.5714662173043569,-1.148769714490448
1.3268664642445236,0.7472772707493572,-1.148769714490448
1.2204132125399059,0.9108180520682483,-1.148769714490448
1.0939208096255273,1.059403226153103,-1.148769714490448
0.9494662572601705,1.1905930285533068,-1.148769714490448
0.7894214952000135,1.3022333263403862,-1.148769714490448
0.6164144540134073,1.3924909889111399,-1.148769714490448
0.43328590453359855,1.4598839879414642,-1.148769714490448
0.24304281248018314,1.5033057322504606,-1.148769714490448
0.048808964165124674,1.522043237997035,-1.148769714490448
-0.14622632599212848,1.5157888358548546,-1.148769714490448
-0.33886058391923624,1.4846452229341816,-1.148769714490448
-0.5259307604266963,1.429123776498162,-1.148769714490448
-0.7043651683880906,1.3501361571623018,-1.148769714490448
-0.8712339197577788,1.2489793394523656,-1.148769714490448
-1.0237970342516058,1.1273143155185192,-1.148769714490448
-1.1595494297474185,0.9871388216901453,-1.148769714490448
-1.2762620556642525,0.8307545357005447,-1.148769714490448
-1.372018493911249,0.6607292832021896,-1.148769714490448
-1.4452464264197213,0.479854874140502,-1.148769714490448
-1.4947434525623755,0.2911012613117313,-1.148769714490448
-1.519696832538369,0.09756777382015085,-1.148769714490448
-1.519696832538369,-0.0975677738201498,-1.148769714490448
-1.4947434525623757,-0.2911012613117303,-1.148769714490448
-1.4452464264197216,-0.47985487414050093,-1.148769714490448
-1.3720184939112492,-0.6607292832021893,-1.148769714490448
-1.276262055664253,-0.8307545357005439,-1.148769714490448
-1.1595494297474191,-0.9871388216901444,-1.148769714490448
-1.0237970342516065,-1.1273143155185186,-1.148769714490448
-0.8712339197577795,-1.2489793394523652,-1.148769714490448
-0.7043651683880909,-1.3501361571623018,-1.148769714490448
-0.5259307604266973,-1.4291237764981617,-1.148769714490448
-0.3388605839192366,-1.4846452229341816,-1.148769714490448
-0.14622632599212987,-1.5157888358548544,-1.148769714490448
0.04880896416512396,-1.522043237997035,-1.148769714490448
0.24304281248018175,-1.503305732250461,-1.148769714490448
0.4332859045335975,-1.4598839879414645,-1.148769714490448
0.6164144540134058,-1.3924909889111405,-1.148769714490448
0.7894214952000124,-1.3022333263403867,-1.148769714490448
0.9494662572601702,-1.190593028553307,-1.148769714490448
1.0939208096255262,-1.059403226153104,-1.148769714490448
1.2204132125399052,-0.9108180520682488,-1.148769714490448
1.326866464244523,-0.7472772707493585,-1.148769714490448
1.4115326052894495,-0.5714662173043576,-1.148769714490448
1.4730214199794476,-0.3862717043702568,-1.148769714490448
1.5103232636772592,-0.19473462072945286,-1.148769714490448
1.5228256411406302,-3.7298470941647775e-16,-1.148769714490448
1.4119481807365095,0.0,-0.9970842613243903
1.40035610569037,0.18055592579818672,-0.9970842613243903
1.3657702221037287,0.3581471282865052,-0.9970842613243903
1.3087584292289,0.5298575648298711,-0.9970842613243903
1.2302568591287126,0.6928677548074336,-0.9970842613243903
1.1315545054139184,0.8445010754064208,-0.9970842613243903
1.0142720580037405,0.9822677116947274,-0.9970842613243903
0.8803352914422057,1.1039055393132629,-0.9970842613243903
0.7319434437333727,1.2074172684953905,-0.9970842613243903
0.5715331049141065,1.291103239509676,-0.9970842613243903
0.4017382083130362,1.3535893310256883,-0.9970842613243903
0.22534678143811782,1.3938495231482557,-0.9970842613243903
0.045255166642033856,1.4112227446357788,-0.9970842613243903
-0.13557953673916567,1.4054237276717412,-0.9970842613243903
-0.314188027875407,1.3765476919543693,-0.9970842613243903
-0.4876375602801307,1.325068781191822,-0.9970842613243903
-0.6530800974265227,1.2518322776756088,-0.9970842613243903
-0.8077990774285451,1.1580407227687333,-0.9970842613243903
-0.9492540189120017,1.045234171209759,-0.9970842613243903
-1.075122235648467,0.9152649034565793,-0.9970842613243903
-1.183336974998943,0.7702670112925062,-0.9970842613243903
-1.272121353935053,0.6126213560981907,-0.9970842613243903
-1.3400175354092425,0.4449164751735749,-0.9970842613243903
-1.3859106659987965,0.26990607802698885,-0.9970842613243903
-1.4090471817682189,0.090463830541156,-0.9970842613243903
-1.4090471817682189,-0.09046383054115505,-0.9970842613243903
-1.3859106659987968,-0.2699060780269879,-0.9970842613243903
-1.340017535409243,-0.44491647517357397,-0.9970842613243903
-1.2721213539350533,-0.6126213560981904,-0.9970842613243903
-1.1833369749989435,-0.7702670112925054,-0.9970842613243903
-1.0751222356484675,-0.9152649034565785,-0.9970842613243903
-0.9492540189120022,-1.0452341712097586,-0.9970842613243903
-0.8077990774285458,-1.1580407227687328,-0.9970842613243903
-0.6530800974265231,-1.2518322776756086,-0.9970842613243903
-0.48763756028013167,-1.3250687811918218,-0.9970842613243903
-0.3141880278754074,-1.3765476919543693,-0.9970842613243903
-0.13557953673916695,-1.405423727671741,-0.9970842613243903
0.04525516664203319,-1.4112227446357788,-0.9970842613243903
0.2253467814381165,-1.393849523148256,-0.9970842613243903
0.40173820831303525,-1.3535893310256888,-0.9970842613243903
0.571533104914105,-1.2911032395096766,-0.9970842613243903
0.7319434437333718,-1.207417268495391,-0.9970842613243903
0.8803352914422053,-1.103905539313263,-0.9970842613243903
1.0142720580037397,-0.9822677116947282,-0.9970842613243903
1.131554505413918,-0.8445010754064213,-0.9970842613243903
1.230256859128712,-0.6928677548074347,-0.9970842613243903
1.3087584292288998,-0.5298575648298718,-0.9970842613243903
1.3657702221037282,-0.35814712828650663,-0.9970842613243903
1.40035610569037,-0.18055592579818763,-0.9970842613243903
1.4119481807365095,-3.45827564020179e-16,-0.9970842613243903
1.316194228288379,0.0,-0.8560786701849024
1.3053882918682083,0.16831118213904664,-0.8560786701849024
1.2731479157849686,0.3338586993205839,-0.8560786701849024
1.2200024861226137,0.4939242658892991,-0.8560786701849024
1.146824649366915,0.6458796096673854,-0.8560786701849024
1.05481598357429,0.7872296281110388,-0.8560786701849024
0.9454872684933373,0.9156533578252469,-0.8560786701849024
0.8206336786031302,1.0290420847185677,-0.8560786701849024
0.6823053063979024,1.1255339690302135,-0.8560786701849024
0.5327734999249695,1.2035446166874495,-0.8560786701849024
0.37449356731258693,1.2617930950124645,-0.8560786701849024
0.21006446067836498,1.2993229656015277,-0.8560786701849024
0.042186101407350005,1.3155179890171362,-0.8560786701849024
-0.12638495248247592,1.3101122434225412,-0.8560786701849024
-0.2928807689466405,1.2831944910109558,-0.8560786701849024
-0.45456749128182683,1.2352067205327972,-0.8560786701849024
-0.6087902279773622,1.166936889852623,-0.8560786701849024
-0.7530166459604236,1.0795059877027804,-0.8560786701849024
-0.8848785514350836,0.974349627079412,-0.8560786701849024
-1.0022107755589678,0.8531944725167493,-0.8560786701849024
-1.1030867264557858,0.7180298883031957,-0.8560786701849024
-1.1858500238006788,0.5710752731747109,-0.8560786701849024
-1.249141696539358,0.41474361784892594,-0.8560786701849024
-1.291922497155247,0.2516018837842678,-0.8560786701849024
-1.3134899660849721,0.08432885374378153,-0.8560786701849024
-1.3134899660849721,-0.08432885374378063,-0.8560786701849024
-1.2919224971552472,-0.2516018837842669,-0.8560786701849024
-1.2491416965393582,-0.41474361784892505,-0.8560786701849024
-1.185850023800679,-0.5710752731747106,-0.8560786701849024
-1.1030867264557862,-0.7180298883031949,-0.8560786701849024
-1.0022107755589682,-0.8531944725167485,-0.8560786701849024
-0.8848785514350843,-0.9743496270794114,-0.8560786701849024
-0.7530166459604243,-1.07950598770278,-0.8560786701849024
-0.6087902279773625,-1.166936889852623,-0.8560786701849024
-0.4545674912818277,-1.2352067205327968,-0.8560786701849024
-0.29288076894664083,-1.2831944910109558,-0.8560786701849024
-0.1263849524824771,-1.310112243422541,-0.8560786701849024
0.04218610140734939,-1.3155179890171362,-0.8560786701849024
0.21006446067836376,-1.2993229656015282,-0.8560786701849024
0.37449356731258604,-1.261793095012465,-0.8560786701849024
0.5327734999249681,-1.2035446166874502,-0.8560786701849024
0.6823053063979015,-1.125533969030214,-0.8560786701849024
0.8206336786031299,-1.029042084718568,-0.8560786701849024
0.9454872684933364,-0.9156533578252476,-0.8560786701849024
1.0548159835742896,-0.7872296281110392,-0.8560786701849024
1.1468246493669143,-0.6458796096673864,-0.8560786701849024
1.2200024861226135,-0.4939242658892998,-0.8560786701849024
1.273147915784968,-0.3338586993205852,-0.8560786701849024
1.305388291868208,-0.16831118213904747,-0.8560786701849024
1.316194228288379,-3.223746097459168e-16,-0.8560786701849024
1.234538154328087,0.0,-0.7242426171036321
1.224402613146378,0.1578692351667044,-0.7242426171036321
1.194162414907243,0.3131462618565021,-0.7242426171036321
1.1443141028297328,0.4632814355840117,-0.7242426171036321
1.0756761848200296,0.6058095409473384,-0.7242426171036321
0.9893756935942546,0.7383902703968186,-0.7242426171036321
0.8868296808324295,0.858846652020284,-0.7242426171036321
0.7697219492290656,0.9652007953616736,-0.7242426171036321
0.6399754044994724,1.0557063683276406,-0.7242426171036321
0.499720481321073,1.1288772719122457,-0.7242426171036321
0.3512601616548999,1.1835120419015486,-0.7242426171036321
0.19703215984546452,1.2187135768827844,-0.7242426171036321
0.03956889541861488,1.2339038686247605,-0.7242426171036321
-0.11854408917706724,1.2288334929570315,-0.7242426171036321
-0.27471058310579044,1.2035857053078838,-0.7242426171036321
-0.4263663368547002,1.1585750736525033,-0.7242426171036321
-0.5710211671399895,1.0945406713182857,-0.7242426171036321
-0.7062998456475724,1.0125339414212318,-0.7242426171036321
-0.8299811002163354,0.9139014321990532,-0.7242426171036321
-0.9400340880656122,0.800262686726335,-0.7242426171036321
-1.0346517421774968,0.6734836500620264,-0.7242426171036321
-1.1122804432873183,0.5356460304831595,-0.7242426171036321
-1.1716455302690145,0.3890131178924933,-0.7242426171036321
-1.2117722300355827,0.2359926206608805,-0.7242426171036321
-1.232001663286218,0.07909713112238423,-0.7242426171036321
-1.232001663286218,-0.07909713112238338,-0.7242426171036321
-1.2117722300355829,-0.2359926206608797,-0.7242426171036321
-1.171645530269015,-0.3890131178924925,-0.7242426171036321
-1.1122804432873186,-0.5356460304831592,-0.7242426171036321
-1.0346517421774972,-0.6734836500620257,-0.7242426171036321
-0.9400340880656127,-0.8002626867263344,-0.7242426171036321
-0.829981100216336,-0.9139014321990526,-0.7242426171036321
-0.7062998456475731,-1.0125339414212313,-0.7242426171036321
-0.5710211671399898,-1.0945406713182855,-0.7242426171036321
-0.42636633685470104,-1.1585750736525031,-0.7242426171036321
-0.2747105831057907,-1.2035857053078838,-0.7242426171036321
-0.11854408917706835,-1.2288334929570315,-0.7242426171036321
0.039568895418614296,-1.2339038686247605,-0.7242426171036321
0.19703215984546338,-1.2187135768827846,-0.7242426171036321
0.3512601616548991,-1.1835120419015488,-0.7242426171036321
0.4997204813210717,-1.1288772719122462,-0.7242426171036321
0.6399754044994717,-1.055706368327641,-0.7242426171036321
0.7697219492290653,-0.9652007953616737,-0.7242426171036321
0.8868296808324286,-0.8588466520202847,-0.7242426171036321
0.9893756935942543,-0.738390270396819,-0.7242426171036321
1.0756761848200291,-0.6058095409473394,-0.7242426171036321
1.1443141028297328,-0.4632814355840123,-0.7242426171036321
1.1941624149072425,-0.3131462618565033,-0.7242426171036321
1.2244026131463779,-0.15786923516670517,-0.7242426171036321
1.234538154328087,-3.0237463982463457e-16,-0.7242426171036321
1.1661053330718814,0.0,-0.6001639938850645
1.1565316244067223,0.1491182402183977,-0.6001639938850645
1.1279676984428473,0.29578796305500554,-0.6001639938850645
1.0808825740548909,0.43760085571574986,-0.6001639938850645
1.016049387683565,0.5722283544237702,-0.6001639938850645
0.9345326984566764,0.697459879372259,-0.6001639938850645
0.8376710081576803,0.8112391323837744,-0.6001639938850645
0.7270547830633999,0.9116978612694646,-0.6001639938850645
0.6045003385317329,0.997186536478358,-0.6001639938850645
0.4720200151536889,1.0663014363269865,-0.6001639938850645
0.33178913617651895,1.1179076960706205,-0.6001639938850645
0.18611028875613608,1.1511579423510012,-0.6001639938850645
0.03737551553967438,1.1655062070434576,-0.6001639938850645
-0.11197296260864688,1.1607168920384185,-0.6001639938850645
-0.25948284780659403,1.1368686377558592,-0.6001639938850645
-0.4027320318173472,1.094353031871779,-0.6001639938850645
-0.5393683669997875,1.0338681794593862,-0.6001639938850645
-0.6671482885077348,0.9564072401230992,-0.6001639938850645
-0.7839736535626949,0.8632421203452962,-0.6001639938850645
-0.8879261929002772,0.7559025888170402,-0.6001639938850645
-0.9772990086984814,0.6361511576784632,-0.6001639938850645
-1.0506246017927463,0.5059541421181535,-0.6001639938850645
-1.106698967971659,0.3674493735321214,-0.6001639938850645
-1.1446013676928213,0.22291109639137813,-0.6001639938850645
-1.1637094446006804,0.07471262521059831,-0.6001639938850645
-1.1637094446006804,-0.07471262521059752,-0.6001639938850645
-1.1446013676928215,-0.22291109639137735,-0.6001639938850645
-1.1066989679716592,-0.36744937353212065,-0.6001639938850645
-1.0506246017927463,-0.5059541421181533,-0.6001639938850645
-0.9772990086984817,-0.6361511576784625,-0.6001639938850645
-0.8879261929002776,-0.7559025888170395,-0.6001639938850645
-0.7839736535626954,-0.8632421203452957,-0.6001639938850645
-0.6671482885077353,-0.9564072401230989,-0.6001639938850645
-0.5393683669997877,-1.0338681794593862,-0.6001639938850645
-0.40273203181734796,-1.0943530318717785,-0.6001639938850645
-0.2594828478065943,-1.1368686377558592,-0.6001639938850645
-0.11197296260864792,-1.1607168920384185,-0.6001639938850645
0.03737551553967383,-1.1655062070434576,-0.6001639938850645
0.18611028875613503,-1.1511579423510014,-0.6001639938850645
0.3317891361765182,-1.1179076960706207,-0.6001639938850645
0.4720200151536877,-1.0663014363269872,-0.6001639938850645
0.6045003385317321,-0.9971865364783584,-0.6001639938850645
0.7270547830633995,-0.9116978612694648,-0.6001639938850645
0.8376710081576795,-0.8112391323837751,-0.6001639938850645
0.9345326984566761,-0.6974598793722593,-0.6001639938850645
1.0160493876835646,-0.5722283544237711,-0.6001639938850645
1.0808825740548909,-0.4376008557157504,-0.6001639938850645
1.1279676984428468,-0.2957879630550067,-0.6001639938850645
1.156531624406722,-0.14911824021839842,-0.6001639938850645
1.1661053330718814,-2.8561343272302754e-16,-0.6001639938850645
1.1101627742224986,0.0,-0.48251378288463137
1.1010483531921853,0.14196446457537018,-0.48251378288463137
1.073854748642581,0.28159787656723223,-0.48251378288463137
1.0290284788085822,0.41660745921105385,-0.48251378288463137
0.9673055898015744,0.5447763588923649,-0.48251378288463137
0.8896995697526313,0.6640000458218186,-0.48251378288463137
0.7974847073654223,0.7723208703561503,-0.48251378288463137
0.6921751681309277,0.8679602075511967,-0.48251378288463137
0.5755001317719387,0.9493476621343077,-0.48251378288463137
0.4493753991598145,1.015146854351306,-0.48251378288463137
0.31587193491713955,1.0642773632851057,-0.48251378288463137
0.17718186223587598,1.0959324673372997,-0.48251378288463137
0.0355824682751565,1.1095923905745038,-0.48251378288463137
-0.1066011888309106,1.1050328374348117,-0.48251378288463137
-0.24703445736352334,1.082328675654722,-0.48251378288463137
-0.38341142693586294,1.0418527069429728,-0.48251378288463137
-0.5134927914778967,0.9842695455867928,-0.48251378288463137
-0.635142618580138,0.9105247055036781,-0.48251378288463137
-0.7463634214447589,0.8218290749290073,-0.48251378288463137
-0.8453289575635873,0.7196390336646933,-0.48251378288463137
-0.9304142155696019,0.6056325393630999,-0.48251378288463137
-1.0002220978786533,0.4816815755087793,-0.48251378288463137
-1.0536063609931696,0.3498214135014109,-0.48251378288463137
-1.0896904367886981,0.2122171935556843,-0.48251378288463137
-1.1078818257382743,0.07112837315883436,-0.48251378288463137
-1.1078818257382743,-0.07112837315883361,-0.48251378288463137
-1.0896904367886984,-0.21221719355568355,-0.48251378288463137
-1.05360636099317,-0.34982141350141016,-0.48251378288463137
-1.0002220978786536,-0.48168157550877905,-0.48251378288463137
-0.9304142155696024,-0.6056325393630992,-0.48251378288463137
-0.8453289575635877,-0.7196390336646926,-0.48251378288463137
-0.7463634214447593,-0.8218290749290067,-0.48251378288463137
-0.6351426185801387,-0.9105247055036777,-0.48251378288463137
-0.5134927914778971,-0.9842695455867927,-0.48251378288463137
-0.38341142693586366,-1.0418527069429726,-0.48251378288463137
-0.2470344573635236,-1.082328675654722,-0.48251378288463137
-0.1066011888309116,-1.1050328374348115,-0.48251378288463137
0.03558246827515597,-1.1095923905745038,-0.48251378288463137
0.17718186223587495,-1.0959324673372999,-0.48251378288463137
0.31587193491713883,-1.064277363285106,-0.48251378288463137
0.44937539915981334,-1.0151468543513067,-0.48251378288463137
0.575500131771938,-0.9493476621343081,-0.48251378288463137
0.6921751681309274,-0.867960207551197,-0.48251378288463137
0.7974847073654215,-0.7723208703561508,-0.48251378288463137
0.889699569752631,-0.6640000458218189,-0.48251378288463137
0.967305589801574,-0.5447763588923658,-0.48251378288463137
1.029028478808582,-0.4166074592110544,-0.48251378288463137
1.0738547486425805,-0.28159787656723334,-0.48251378288463137
1.101048353192185,-0.1419644645753709,-0.48251378288463137
1.1101627742224986,-2.719114575968257e-16,-0.48251378288463137
1.0661112718420864,0.0,-0.3700318217774234
1.0573585130373815,0.1363312834830248,-0.3700318217774234
1.0312439566808564,0.2704240110603401,-0.3700318217774234
0.9881964030659098,0.40007638385232,-0.3700318217774234
0.9289226918327853,0.5231595134821534,-0.3700318217774234
0.8543960956812203,0.6376523783641351,-0.3700318217774234
0.7658403392596247,0.7416750088222295,-0.3700318217774234
0.6647095056401849,0.8335193561401751,-0.3700318217774234
0.5526641603150196,0.9116773386741854,-0.3700318217774234
0.43154408475670714,0.974865604511846,-0.3700318217774234
0.30333806725736967,1.0220466040750367,-0.3700318217774234
0.1701512470798995,1.0524456266553184,-0.3700318217774234
0.034170548129462755,1.06556352114235,-0.3700318217774234
-0.10237123027656399,1.0611848920713176,-0.3700318217774234
-0.23723207591165518,1.039381636410514,-0.3700318217774234
-0.3681975774189115,1.0005117630151061,-0.3700318217774234
-0.49311728488432083,0.9452135141316308,-0.3700318217774234
-0.6099400201648928,0.8743948854779523,-0.3700318217774234
-0.7167475571770592,0.7892187169786772,-0.3700318217774234
-0.811786119115934,0.6910835989657415,-0.3700318217774234
-0.8934951754219639,0.5816009073638254,-0.3700318217774234
-0.9605330656495727,0.46256834494222004,-0.3700318217774234
-1.0117990294945853,0.3359404230850559,-0.3700318217774234
-1.046451281247991,0.20379636876840945,-0.3700318217774234
-1.0639208318940114,0.06830598371084044,-0.3700318217774234
-1.0639208318940114,-0.06830598371083972,-0.3700318217774234
-1.046451281247991,-0.20379636876840873,-0.3700318217774234
-1.0117990294945856,-0.33594042308505523,-0.3700318217774234
-0.9605330656495729,-0.4625683449422198,-0.3700318217774234
-0.8934951754219642,-0.5816009073638249,-0.3700318217774234
-0.8117861191159346,-0.6910835989657409,-0.3700318217774234
-0.7167475571770596,-0.7892187169786767,-0.3700318217774234
-0.6099400201648933,-0.8743948854779519,-0.3700318217774234
-0.49311728488432105,-0.9452135141316307,-0.3700318217774234
-0.36819757741891224,-1.000511763015106,-0.3700318217774234
-0.23723207591165546,-1.039381636410514,-0.3700318217774234
-0.10237123027656495,-1.0611848920713174,-0.3700318217774234
0.034170548129462255,-1.06556352114235,-0.3700318217774234
0.17015124707989854,-1.0524456266553186,-0.3700318217774234
0.30333806725736895,-1.022046604075037,-0.3700318217774234
0.431544084756706,-0.9748656045118466,-0.3700318217774234
0.552664160315019,-0.9116773386741858,-0.3700318217774234
0.6647095056401847,-0.8335193561401752,-0.3700318217774234
0.765840339259624,-0.7416750088222301,-0.3700318217774234
0.8543960956812199,-0.6376523783641356,-0.3700318217774234
0.9289226918327848,-0.5231595134821542,-0.3700318217774234
0.9881964030659097,-0.40007638385232047,-0.3700318217774234
1.0312439566808562,-0.2704240110603412,-0.3700318217774234
1.0573585130373813,-0.13633128348302548,-0.3700318217774234
1.0661112718420864,-2.61121951319265e-16,-0.3700318217774234
1.033478986201813,0.0,-0.26151330584261634
1.0249941380111305,0.13215835941606857,-0.26151330584261634
0.9996789144117977,0.26214668222424037,-0.26151330584261634
0.9579489906754385,0.38783056375772634,-0.26151330584261634
0.9004895709961179,0.5071462781564652,-0.26151330584261634
0.828244137456419,0.6181346646886904,-0.26151330584261634
0.7423989580777308,0.7189732971159826,-0.26151330584261634
0.6443636083321332,0.80800640788172,-0.26151330584261634
0.5357478259521157,0.8837720757685823,-0.26151330584261634
0.41833507908151235,0.9450262306045224,-0.26151330584261634
0.29405328177788814,0.9907630808605966,-0.26151330584261634
0.16494313771701263,1.0202316287200637,-0.26151330584261634
0.033124631894923116,1.032948001441773,-0.26151330584261634
-0.09923777946710115,1.0287033965371972,-0.26151330584261634
-0.22997070923385232,1.0075675103015211,-0.26151330584261634
-0.35692752631286684,0.9698873934024016,-0.26151330584261634
-0.47802360327761817,0.9162817523175988,-0.26151330584261634
-0.5912705458922269,0.8476307901917173,-0.26151330584261634
-0.6948088424898418,0.7650617539249059,-0.26151330584261634
-0.7869383971028007,0.6699304248099216,-0.26151330584261634
-0.8661464449914179,0.5637988566407844,-0.26151330584261634
-0.9311323921991872,0.448409726832666,-0.26151330584261634
-0.9808291712695901,0.32565772170691154,-0.26151330584261634
-1.0144207624642323,0.19755842579402327,-0.26151330584261634
-1.0313555927843876,0.06621522599139465,-0.26151330584261634
-1.0313555927843876,-0.06621522599139396,-0.26151330584261634
-1.0144207624642325,-0.1975584257940226,-0.26151330584261634
-0.9808291712695903,-0.3256577217069109,-0.26151330584261634
-0.9311323921991873,-0.4484097268326658,-0.26151330584261634
-0.8661464449914182,-0.5637988566407839,-0.26151330584261634
-0.7869383971028012,-0.669930424809921,-0.26151330584261634
-0.6948088424898422,-0.7650617539249055,-0.26151330584261634
-0.5912705458922275,-0.8476307901917169,-0.26151330584261634
-0.4780236032776184,-0.9162817523175987,-0.26151330584261634
-0.3569275263128675,-0.9698873934024014,-0.26151330584261634
-0.22997070923385257,-1.0075675103015211,-0.26151330584261634
-0.09923777946710208,-1.0287033965371972,-0.26151330584261634
0.03312463189492263,-1.032948001441773,-0.26151330584261634
0.1649431377170117,-1.020231628720064,-0.26151330584261634
0.2940532817778875,-0.9907630808605968,-0.26151330584261634
0.4183350790815113,-0.9450262306045228,-0.26151330584261634
0.5357478259521149,-0.8837720757685826,-0.26151330584261634
0.644363608332133,-0.8080064078817201,-0.26151330584261634
0.7423989580777302,-0.7189732971159831,-0.26151330584261634
0.8282441374564187,-0.6181346646886907,-0.26151330584261634
0.9004895709961175,-0.507146278156466,-0.26151330584261634
0.9579489906754384,-0.38783056375772684,-0.26151330584261634
0.9996789144117973,-0.26214668222424137,-0.26151330584261634
1.0249941380111305,-0.13215835941606924,-0.26151330584261634
1.033478986201813,-2.531293464876204e-16,-0.26151330584261634
1.0119163898627563,0.0,-0.1557958831883326
1.0036085702899524,0.1294009957976813,-0.1557958831883326
0.978821525739244,0.2566772308218483,-0.1557958831883326
0.9379622587968789,0.3797388328121456,-0.1557958831883326
0.8817016774964354,0.49656513366611416,-0.1557958831883326
0.8109635790274589,0.6052378487535692,-0.1557958831883326
0.7269094810111498,0.7039725750971942,-0.1557958831883326
0.630919549413135,0.7911480912200956,-0.1557958831883326
0.524569936256469,0.8653329775576324,-0.1557958831883326
0.4096068992489903,0.9253091203270944,-0.1557958831883326
0.2879181282800372,0.970091712922337,-0.1557958831883326
0.16150174960465205,0.9989454264110278,-0.1557958831883326
0.032433516665715555,1.0113964836153864,-0.1557958831883326
-0.09716727372019902,1.0072404385203455,-0.1557958831883326
-0.22517258015796243,0.9865455332714653,-0.1557958831883326
-0.34948055905476383,0.9496515776407911,-0.1557958831883326
-0.4680500768337976,0.8971643693597902,-0.1557958831883326
-0.5789342252911632,0.8299457469373491,-0.1557958831883326
-0.6803122897747486,0.7490994382952856,-0.1557958831883326
-0.7705196452684809,0.6559529375863853,-0.1557958831883326
-0.8480750894890702,0.5520357077771142,-0.1557958831883326
-0.9117051641865505,0.43905406690799353,-0.1557958831883326
-0.9603650652935373,0.3188631703985488,-0.1557958831883326
-0.9932557985791293,0.19343654944660799,-0.1557958831883326
-1.0098372991120907,0.06483370570059598,-0.1557958831883326
-1.0098372991120907,-0.06483370570059528,-0.1557958831883326
-0.9932557985791294,-0.1934365494466073,-0.1557958831883326
-0.9603650652935375,-0.3188631703985481,-0.1557958831883326
-0.9117051641865506,-0.4390540669079933,-0.1557958831883326
-0.8480750894890705,-0.5520357077771136,-0.1557958831883326
-0.7705196452684814,-0.6559529375863847,-0.1557958831883326
-0.680312289774749,-0.7490994382952851,-0.1557958831883326
-0.5789342252911638,-0.8299457469373488,-0.1557958831883326
-0.46805007683379785,-0.89716436935979,-0.1557958831883326
-0.34948055905476455,-0.9496515776407909,-0.1557958831883326
-0.22517258015796268,-0.9865455332714653,-0.1557958831883326
-0.09716727372019994,-1.0072404385203453,-0.1557958831883326
0.032433516665715076,-1.0113964836153864,-0.1557958831883326
0.16150174960465113,-0.998945426411028,-0.1557958831883326
0.28791812828003654,-0.9700917129223372,-0.1557958831883326
0.40960689924898924,-0.9253091203270949,-0.1557958831883326
0.5245699362564682,-0.8653329775576327,-0.1557958831883326
0.6309195494131348,-0.7911480912200957,-0.1557958831883326
0.7269094810111492,-0.7039725750971948,-0.1557958831883326
0.8109635790274585,-0.6052378487535696,-0.1557958831883326
0.8817016774964349,-0.496565133666115,-0.1557958831883326
0.9379622587968788,-0.3797388328121461,-0.1557958831883326
0.9788215257392436,-0.2566772308218493,-0.1557958831883326
1.0036085702899524,-0.12940099579768194,-0.1557958831883326
1.0119163898627563,-2.4784803357003394e-16,-0.1557958831883326
1.0011925238550805,0.0,-0.05174720469269084
0.992972747073961,0.12802965825033474,-0.05174720469269084
0.9684483852381003,0.25395707305176995,-0.05174720469269084
0.9280221276908307,0.37571451973471737,-0.05174720469269084
0.8723577724634344,0.49130274439080923,-0.05174720469269084
0.8023693267298208,0.5988237915668015,-0.05174720469269084
0.7192059988340008,0.6965121686406442,-0.05174720469269084
0.6242333283208495,0.7827638351615259,-0.05174720469269084
0.5190107638145319,0.8561625411497295,-0.05174720469269084
0.4052660569152067,0.9155030818821455,-0.05174720469269084
0.28486689256551867,0.9598110873205056,-0.05174720469269084
0.15979022171547497,0.9883590212404727,-0.05174720469269084
0.032089799842502494,1.0006781273563314,-0.05174720469269084
-0.09613753565671346,0.996566126286239,-0.05174720469269084
-0.22278629547831202,0.9760905369740843,-0.05174720469269084
-0.3457769104874161,0.9395875680302945,-0.05174720469269084
-0.4630898781858354,0.8876565971957477,-0.05174720469269084
-0.5727989228872541,0.821150329575838,-0.05174720469269084
-0.673102625110745,0.7411607962462192,-0.05174720469269084
-0.7623540008388441,0.6490014231327339,-0.05174720469269084
-0.8390875449495832,0.5461854645940216,-0.05174720469269084
-0.9020432947700775,0.43440115582678746,-0.05174720469269084
-0.9501875186287801,0.31548399209054595,-0.05174720469269084
-0.9827296897009499,0.19138658992620342,-0.05174720469269084
-0.9991354664372588,0.06414662524644049,-0.05174720469269084
-0.9991354664372588,-0.06414662524643981,-0.05174720469269084
-0.98272968970095,-0.19138658992620275,-0.05174720469269084
-0.9501875186287804,-0.3154839920905453,-0.05174720469269084
-0.9020432947700776,-0.43440115582678723,-0.05174720469269084
-0.8390875449495835,-0.5461854645940211,-0.05174720469269084
-0.7623540008388445,-0.6490014231327333,-0.05174720469269084
-0.6731026251107455,-0.7411607962462188,-0.05174720469269084
-0.5727989228872546,-0.8211503295758377,-0.05174720469269084
-0.46308987818583564,-0.8876565971957476,-0.05174720469269084
-0.34577691048741677,-0.9395875680302943,-0.05174720469269084
-0.22278629547831227,-0.9760905369740843,-0.05174720469269084
-0.09613753565671436,-0.9965661262862389,-0.05174720469269084
0.03208979984250202,-1.0006781273563314,-0.05174720469269084
0.15979022171547405,-0.9883590212404729,-0.05174720469269084
0.284866892565518,-0.9598110873205058,-0.05174720469269084
0.4052660569152056,-0.9155030818821459,-0.05174720469269084
0.5190107638145313,-0.8561625411497298,-0.05174720469269084
0.6242333283208493,-0.782763835161526,-0.05174720469269084
0.7192059988340002,-0.6965121686406448,-0.05174720469269084
0.8023693267298204,-0.5988237915668019,-0.05174720469269084
0.8723577724634339,-0.49130274439081,-0.05174720469269084
0.9280221276908306,-0.37571451973471787,-0.05174720469269084
0.9684483852381,-0.25395707305177095,-0.05174720469269084
0.9929727470739609,-0.1280296582503354,-0.05174720469269084
1.0011925238550805,-2.452214439338769e-16,-0.05174720469269084
1.0011925238550805,0.0,0.05174720469269084
0.992972747073961,0.12802965825033474,0.05174720469269084
0.9684483852381003,0.25395707305176995,0.05174720469269084
0.9280221276908307,0.37571451973471737,0.05174720469269084
0.8723577724634344,0.49130274439080923,0.05174720469269084
0.8023693267298208,0.5988237915668015,0.05174720469269084
0.7192059988340008,0.6965121686406442,0.05174720469269084
0.6242333283208495,0.7827638351615259,0.05174720469269084
0.5190107638145319,0.8561625411497295,0.05174720469269084
0.4052660569152067,0.9155030818821455,0.05174720469269084
0.28486689256551867,0.9598110873205056,0.05174720469269084
0.15979022171547497,0.9883590212404727,0.05174720469269084
0.032089799842502494,1.0006781273563314,0.05174720469269084
-0.09613753565671346,0.996566126286239,0.05174720469269084
-0.22278629547831202,0.9760905369740843,0.05174720469269084
-0.3457769104874161,0.9395875680302945,0.05174720469269084
-0.4630898781858354,0.8876565971957477,0.05174720469269084
-0.5727989228872541,0.821150329575838,0.05174720469269084
-0.673102625110745,0.7411607962462192,0.05174720469269084
-0.7623540008388441,0.6490014231327339,0.05174720469269084
-0.8390875449495832,0.5461854645940216,0.05174720469269084
-0.9020432947700775,0.43440115582678746,0.05174720469269084
-0.9501875186287801,0.31548399209054595,0.05174720469269084
-0.9827296897009499,0.19138658992620342,0.05174720469269084
-0.9991354664372588,0.06414662524644049,0.05174720469269084
-0.9991354664372588,-0.06414662524643981,0.05174720469269084
-0.98272968970095,-0.19138658992620275,0.05174720469269084
-0.9501875186287804,-0.3154839920905453,0.05174720469269084
-0.9020432947700776,-0.43440115582678723,0.05174720469269084
-0.8390875449495835,-0.5461854645940211,0.05174720469269084
-0.7623540008388445,-0.6490014231327333,0.05174720469269084
-0.6731026251107455,-0.7411607962462188,0.05174720469269084
-0.5727989228872546,-0.8211503295758377,0.05174720469269084
-0.46308987818583564,-0.8876565971957476,0.05174720469269084
-0.34577691048741677,-0.9395875680302943,0.05174720469269084
-0.22278629547831227,-0.9760905369740843,0.05174720469269084
-0.09613753565671436,-0.9965661262862389,0.05174720469269084
0.03208979984250202,-1.0006781273563314,0.05174720469269084
0.15979022171547405,-0.9883590212404729,0.05174720469269084
0.284866892565518,-0.9598110873205058,0.05174720469269084
0.4052660569152056,-0.9155030818821459,0.05174720469269084
0.5190107638145313,-0.8561625411497298,0.05174720469269084
0.6242333283208493,-0.782763835161526,0.05174720469269084
0.7192059988340002,-0.6965121686406448,0.05174720469269084
0.8023693267298204,-0.5988237915668019,0.05174720469269084
0.8723577724634339,-0.49130274439081,0.05174720469269084
0.9280221276908306,-0.37571451973471787,0.05174720469269084
0.9684483852381,-0.25395707305177095,0.05174720469269084
0.9929727470739609,-0.1280296582503354,0.05174720469269084
1.0011925238550805,-2.452214439338769e-16,0.05174720469269084
1.0119163898627563,0.0,0.1557958831883326
1.0036085702899524,0.1294009957976813,0.1557958831883326
0.978821525739244,0.2566772308218483,0.1557958831883326
0.9379622587968789,0.3797388328121456,0.1557958831883326
0.8817016774964354,0.49656513366611416,0.1557958831883326
0.8109635790274589,0.6052378487535692,0.1557958831883326
0.7269094810111498,0.7039725750971942,0.1557958831883326
0.630919549413135,0.7911480912200956,0.1557958831883326
0.524569936256469,0.8653329775576324,0.1557958831883326
0.4096068992489903,0.9253091203270944,0.1557958831883326
0.2879181282800372,0.970091712922337,0.1557958831883326
0.16150174960465205,0.9989454264110278,0.1557958831883326
0.032433516665715555,1.0113964836153864,0.1557958831883326
-0.09716727372019902,1.0072404385203455,0.1557958831883326
-0.22517258015796243,0.9865455332714653,0.1557958831883326
-0.34948055905476383,0.9496515776407911,0.1557958831883326
-0.4680500768337976,0.8971643693597902,0.1557958831883326
-0.5789342252911632,0.8299457469373491,0.1557958831883326
-0.6803122897747486,0.7490994382952856,0.1557958831883326
-0.7705196452684809,0.6559529375863853,0.1557958831883326
-0.8480750894890702,0.5520357077771142,0.1557958831883326
-0.9117051641865505,0.43905406690799353,0.1557958831883326
-0.9603650652935373,0.3188631703985488,0.1557958831883326
-0.9932557985791293,0.19343654944660799,0.1557958831883326
-1.0098372991120907,0.06483370570059598,0.1557958831883326
-1.0098372991120907,-0.06483370570059528,0.1557958831883326
-0.9932557985791294,-0.1934365494466073,0.1557958831883326
-0.9603650652935375,-0.3188631703985481,0.1557958831883326
-0.9117051641865506,-0.4390540669079933,0.1557958831883326
-0.8480750894890705,-0.5520357077771136,0.1557958831883326
-0.7705196452684814,-0.6559529375863847,0.1557958831883326
-0.680312289774749,-0.7490994382952851,0.1557958831883326
-0.5789342252911638,-0.8299457469373488,0.1557958831883326
-0.46805007683379785,-0.89716436935979,0.1557958831883326
-0.34948055905476455,-0.9496515776407909,0.1557958831883326
-0.22517258015796268,-0.9865455332714653,0.1557958831883326
-0.09716727372019994,-1.0072404385203453,0.1557958831883326
0.032433516665715076,-1.0113964836153864,0.1557958831883326
0.16150174960465113,-0.998945426411028,0.1557958831883326
0.28791812828003654,-0.9700917129223372,0.1557958831883326
0.40960689924898924,-0.9253091203270949,0.1557958831883326
0.5245699362564682,-0.8653329775576327,0.1557958831883326
0.6309195494131348,-0.7911480912200957,0.1557958831883326
0.7269094810111492,-0.7039725750971948,0.1557958831883326
0.8109635790274585,-0.6052378487535696,0.1557958831883326
0.8817016774964349,-0.496565133666115,0.1557958831883326
0.9379622587968788,-0.3797388328121461,0.1557958831883326
0.9788215257392436,-0.2566772308218493,0.1557958831883326
1.0036085702899524,-0.12940099579768194,0.1557958831883326
1.0119163898627563,-2.4784803357003394e-16,0.1557958831883326
1.033478986201813,0.0,0.26151330584261634
1.0249941380111305,0.13215835941606857,0.26151330584261634
0.9996789144117977,0.26214668222424037,0.26151330584261634
0.9579489906754385,0.38783056375772634,0.26151330584261634
0.9004895709961179,0.5071462781564652,0.26151330584261634
0.828244137456419,0.6181346646886904,0.26151330584261634
0.7423989580777308,0.7189732971159826,0.26151330584261634
0.6443636083321332,0.80800640788172,0.26151330584261634
0.5357478259521157,0.8837720757685823,0.26151330584261634
0.41833507908151235,0.9450262306045224,0.26151330584261634
0.29405328177788814,0.9907630808605966,0.26151330584261634
0.16494313771701263,1.0202316287200637,0.26151330584261634
0.033124631894923116,1.032948001441773,0.26151330584261634
-0.09923777946710115,1.0287033965371972,0.26151330584261634
-0.22997070923385232,1.0075675103015211,0.26151330584261634
-0.35692752631286684,0.9698873934024016,0.26151330584261634
-0.47802360327761817,0.9162817523175988,0.26151330584261634
-0.5912705458922269,0.8476307901917173,0.26151330584261634
-0.6948088424898418,0.7650617539249059,0.26151330584261634
-0.7869383971028007,0.6699304248099216,0.26151330584261634
-0.8661464449914179,0.5637988566407844,0.26151330584261634
-0.9311323921991872,0.448409726832666,0.26151330584261634
-0.9808291712695901,0.32565772170691154,0.26151330584261634
-1.0144207624642323,0.19755842579402327,0.26151330584261634
-1.0313555927843876,0.06621522599139465,0.26151330584261634
-1.0313555927843876,-0.06621522599139396,0.26151330584261634
-1.0144207624642325,-0.1975584257940226,0.26151330584261634
-0.9808291712695903,-0.3256577217069109,0.26151330584261634
-0.9311323921991873,-0.4484097268326658,0.26151330584261634
-0.8661464449914182,-0.5637988566407839,0.26151330584261634
-0.7869383971028012,-0.669930424809921,0.26151330584261634
-0.6948088424898422,-0.7650617539249055,0.26151330584261634
-0.5912705458922275,-0.8476307901917169,0.26151330584261634
-0.4780236032776184,-0.9162817523175987,0.26151330584261634
-0.3569275263128675,-0.9698873934024014,0.26151330584261634
-0.22997070923385257,-1.0075675103015211,0.26151330584261634
-0.09923777946710208,-1.0287033965371972,0.26151330584261634
0.03312463189492263,-1.032948001441773,0.26151330584261634
0.1649431377170117,-1.020231628720064,0.26151330584261634
0.2940532817778875,-0.9907630808605968,0.26151330584261634
0.4183350790815113,-0.9450262306045228,0.26151330584261634
0.5357478259521149,-0.8837720757685826,0.26151330584261634
0.644363608332133,-0.8080064078817201,0.26151330584261634
0.7423989580777302,-0.7189732971159831,0.26151330584261634
0.8282441374564187,-0.6181346646886907,0.26151330584261634
0.9004895709961175,-0.507146278156466,0.26151330584261634
0.9579489906754384,-0.38783056375772684,0.26151330584261634
0.9996789144117973,-0.26214668222424137,0.26151330584261634
1.0249941380111305,-0.13215835941606924,0.26151330584261634
1.033478986201813,-2.531293464876204e-16,0.26151330584261634
1.0661112718420864,0.0,0.3700318217774234
1.0573585130373815,0.1363312834830248,0.3700318217774234
1.0312439566808564,0.2704240110603401,0.3700318217774234
0.9881964030659098,0.40007638385232,0.3700318217774234
0.9289226918327853,0.5231595134821534,0.3700318217774234
0.8543960956812203,0.6376523783641351,0.3700318217774234
0.7658403392596247,0.7416750088222295,0.3700318217774234
0.6647095056401849,0.8335193561401751,0.3700318217774234
0.5526641603150196,0.9116773386741854,0.3700318217774234
0.43154408475670714,0.974865604511846,0.3700318217774234
0.30333806725736967,1.0220466040750367,0.3700318217774234
0.1701512470798995,1.0524456266553184,0.3700318217774234
0.034170548129462755,1.06556352114235,0.3700318217774234
-0.10237123027656399,1.0611848920713176,0.3700318217774234
-0.23723207591165518,1.039381636410514,0.3700318217774234
-0.3681975774189115,1.0005117630151061,0.3700318217774234
-0.49311728488432083,0.9452135141316308,0.3700318217774234
-0.6099400201648928,0.8743948854779523,0.3700318217774234
-0.7167475571770592,0.7892187169786772,0.3700318217774234
-0.811786119115934,0.6910835989657415,0.3700318217774234
-0.8934951754219639,0.5816009073638254,0.3700318217774234
-0.9605330656495727,0.46256834494222004,0.3700318217774234
-1.0117990294945853,0.3359404230850559,0.3700318217774234
-1.046451281247991,0.20379636876840945,0.3700318217774234
-1.0639208318940114,0.06830598371084044,0.3700318217774234
-1.0639208318940114,-0.06830598371083972,0.3700318217774234
-1.046451281247991,-0.20379636876840873,0.3700318217774234
-1.0117990294945856,-0.33594042308505523,0.3700318217774234
-0.9605330656495729,-0.4625683449422198,0.3700318217774234
-0.8934951754219642,-0.5816009073638249,0.3700318217774234
-0.8117861191159346,-0.6910835989657409,0.3700318217774234
-0.7167475571770596,-0.7892187169786767,0.3700318217774234
-0.6099400201648933,-0.8743948854779519,0.3700318217774234
-0.49311728488432105,-0.9452135141316307,0.3700318217774234
-0.36819757741891224,-1.000511763015106,0.3700318217774234
-0.23723207591165546,-1.039381636410514,0.3700318217774234
-0.10237123027656495,-1.0611848920713174,0.3700318217774234
0.034170548129462255,-1.06556352114235,0.3700318217774234
0.17015124707989854,-1.0524456266553186,0.3700318217774234
0.30333806725736895,-1.022046604075037,0.3700318217774234
0.431544084756706,-0.9748656045118466,0.3700318217774234
0.552664160315019,-0.9116773386741858,0.3700318217774234
0.6647095056401847,-0.8335193561401752,0.3700318217774234
0.765840339259624,-0.7416750088222301,0.3700318217774234
0.8543960956812199,-0.6376523783641356,0.3700318217774234
0.9289226918327848,-0.5231595134821542,0.3700318217774234
0.9881964030659097,-0.40007638385232047,0.3700318217774234
1.0312439566808562,-0.2704240110603412,0.3700318217774234
1.0573585130373813,-0.13633128348302548,0.3700318217774234
1.0661112718420864,-2.61121951319265e-16,0.3700318217774234
1.1101627742224986,0.0,0.48251378288463137
1.1010483531921853,0.14196446457537018,0.48251378288463137
1.073854748642581,0.28159787656723223,0.48251378288463137
1.0290284788085822,0.41660745921105385,0.48251378288463137
0.9673055898015744,0.5447763588923649,0.48251378288463137
0.8896995697526313,0.6640000458218186,0.48251378288463137
0.7974847073654223,0.7723208703561503,0.48251378288463137
0.6921751681309277,0.8679602075511967,0.48251378288463137
0.5755001317719387,0.9493476621343077,0.48251378288463137
0.4493753991598145,1.015146854351306,0.48251378288463137
0.31587193491713955,1.0642773632851057,0.48251378288463137
0.17718186223587598,1.0959324673372997,0.48251378288463137
0.0355824682751565,1.1095923905745038,0.48251378288463137
-0.1066011888309106,1.1050328374348117,0.48251378288463137
-0.24703445736352334,1.082328675654722,0.48251378288463137
-0.38341142693586294,1.0418527069429728,0.48251378288463137
-0.5134927914778967,0.9842695455867928,0.48251378288463137
-0.635142618580138,0.9105247055036781,0.48251378288463137
-0.7463634214447589,0.8218290749290073,0.48251378288463137
-0.8453289575635873,0.7196390336646933,0.48251378288463137
-0.9304142155696019,0.6056325393630999,0.48251378288463137
-1.0002220978786533,0.4816815755087793,0.48251378288463137
-1.0536063609931696,0.3498214135014109,0.48251378288463137
-1.0896904367886981,0.2122171935556843,0.48251378288463137
-1.1078818257382743,0.07112837315883436,0.48251378288463137
-1.1078818257382743,-0.07112837315883361,0.48251378288463137
-1.0896904367886984,-0.21221719355568355,0.48251378288463137
-1.05360636099317,-0.34982141350141016,0.48251378288463137
-1.0002220978786536,-0.48168157550877905,0.48251378288463137
-0.9304142155696024,-0.6056325393630992,0.48251378288463137
-0.8453289575635877,-0.7196390336646926,0.48251378288463137
-0.7463634214447593,-0.8218290749290067,0.48251378288463137
-0.6351426185801387,-0.9105247055036777,0.48251378288463137
-0.5134927914778971,-0.9842695455867927,0.48251378288463137
-0.38341142693586366,-1.0418527069429726,0.48251378288463137
-0.2470344573635236,-1.082328675654722,0.48251378288463137
-0.1066011888309116,-1.1050328374348115,0.48251378288463137
0.03558246827515597,-1.1095923905745038,0.48251378288463137
0.17718186223587495,-1.0959324673372999,0.48251378288463137
0.31587193491713883,-1.064277363285106,0.48251378288463137
0.44937539915981334,-1.0151468543513067,0.48251378288463137
0.575500131771938,-0.9493476621343081,0.48251378288463137
0.6921751681309274,-0.867960207551197,0.48251378288463137
0.7974847073654215,-0.7723208703561508,0.48251378288463137
0.889699569752631,-0.6640000458218189,0.48251378288463137
0.967305589801574,-0.5447763588923658,0.48251378288463137
1.029028478808582,-0.4166074592110544,0.48251378288463137
1.0738547486425805,-0.28159787656723334,0.48251378288463137
1.101048353192185,-0.1419644645753709,0.48251378288463137
1.1101627742224986,-2.719114575968257e-16,0.48251378288463137
1.1661053330718814,0.0,0.6001639938850646
1.1565316244067223,0.1491182402183977,0.6001639938850646
1.1279676984428473,0.29578796305500554,0.6001639938850646
1.0808825740548909,0.43760085571574986,0.6001639938850646
1.016049387683565,0.5722283544237702,0.6001639938850646
0.9345326984566764,0.697459879372259,0.6001639938850646
0.8376710081576803,0.8112391323837744,0.6001639938850646
0.7270547830633999,0.9116978612694646,0.6001639938850646
0.6045003385317329,0.997186536478358,0.6001639938850646
0.4720200151536889,1.0663014363269865,0.6001639938850646
0.33178913617651895,1.1179076960706205,0.6001639938850646
0.18611028875613608,1.1511579423510012,0.6001639938850646
0.03737551553967438,1.1655062070434576,0.6001639938850646
-0.11197296260864688,1.1607168920384185,0.6001639938850646
-0.25948284780659403,1.1368686377558592,0.6001639938850646
-0.4027320318173472,1.094353031871779,0.6001639938850646
-0.5393683669997875,1.0338681794593862,0.6001639938850646
-0.6671482885077348,0.9564072401230992,0.6001639938850646
-0.7839736535626949,0.8632421203452962,0.6001639938850646
-0.8879261929002772,0.7559025888170402,0.6001639938850646
-0.9772990086984814,0.6361511576784632,0.6001639938850646
-1.0506246017927463,0.5059541421181535,0.6001639938850646
-1.106698967971659,0.3674493735321214,0.6001639938850646
-1.1446013676928213,0.22291109639137813,0.6001639938850646
-1.1637094446006804,0.07471262521059831,0.6001639938850646
-1.1637094446006804,-0.07471262521059752,0.6001639938850646
-1.1446013676928215,-0.22291109639137735,0.6001639938850646
-1.1066989679716592,-0.36744937353212065,0.6001639938850646
-1.0506246017927463,-0.5059541421181533,0.6001639938850646
-0.9772990086984817,-0.6361511576784625,0.6001639938850646
-0.8879261929002776,-0.7559025888170395,0.6001639938850646
-0.7839736535626954,-0.8632421203452957,0.6001639938850646
-0.6671482885077353,-0.9564072401230989,0.6001639938850646
-0.5393683669997877,-1.0338681794593862,0.6001639938850646
-0.40273203181734796,-1.0943530318717785,0.6001639938850646
-0.2594828478065943,-1.1368686377558592,0.6001639938850646
-0.11197296260864792,-1.1607168920384185,0.6001639938850646
0.03737551553967383,-1.1655062070434576,0.6001639938850646
0.18611028875613503,-1.1511579423510014,0.6001639938850646
0.3317891361765182,-1.1179076960706207,0.6001639938850646
0.4720200151536877,-1.0663014363269872,0.6001639938850646
0.6045003385317321,-0.9971865364783584,0.6001639938850646
0.7270547830633995,-0.9116978612694648,0.6001639938850646
0.8376710081576795,-0.8112391323837751,0.6001639938850646
0.9345326984566761,-0.6974598793722593,0.6001639938850646
1.0160493876835646,-0.5722283544237711,0.6001639938850646
1.0808825740548909,-0.4376008557157504,0.6001639938850646
1.1279676984428468,-0.2957879630550067,0.6001639938850646
1.156531624406722,-0.14911824021839842,0.6001639938850646
1.1661053330718814,-2.8561343272302754e-16,0.6001639938850646
1.234538154328087,0.0,0.7242426171036322
1.224402613146378,0.1578692351667044,0.7242426171036322
1.194162414907243,0.3131462618565021,0.7242426171036322
1.1443141028297328,0.4632814355840117,0.7242426171036322
1.0756761848200296,0.6058095409473384,0.7242426171036322
0.9893756935942546,0.7383902703968186,0.7242426171036322
0.8868296808324295,0.858846652020284,0.7242426171036322
0.7697219492290656,0.9652007953616736,0.7242426171036322
0.6399754044994724,1.0557063683276406,0.7242426171036322
0.499720481321073,1.1288772719122457,0.7242426171036322
0.3512601616548999,1.1835120419015486,0.7242426171036322
0.19703215984546452,1.2187135768827844,0.7242426171036322
0.03956889541861488,1.2339038686247605,0.7242426171036322
-0.11854408917706724,1.2288334929570315,0.7242426171036322
-0.27471058310579044,1.2035857053078838,0.7242426171036322
-0.4263663368547002,1.1585750736525033,0.7242426171036322
-0.5710211671399895,1.0945406713182857,0.7242426171036322
-0.7062998456475724,1.0125339414212318,0.7242426171036322
-0.8299811002163354,0.9139014321990532,0.7242426171036322
-0.9400340880656122,0.800262686726335,0.7242426171036322
-1.0346517421774968,0.6734836500620264,0.7242426171036322
-1.1122804432873183,0.5356460304831595,0.7242426171036322
-1.1716455302690145,0.3890131178924933,0.7242426171036322
-1.2117722300355827,0.2359926206608805,0.7242426171036322
-1.232001663286218,0.07909713112238423,0.7242426171036322
-1.232001663286218,-0.07909713112238338,0.7242426171036322
-1.2117722300355829,-0.2359926206608797,0.7242426171036322
-1.171645530269015,-0.3890131178924925,0.7242426171036322
-1.1122804432873186,-0.5356460304831592,0.7242426171036322
-1.0346517421774972,-0.6734836500620257,0.7242426171036322
-0.9400340880656127,-0.8002626867263344,0.7242426171036322
-0.829981100216336,-0.9139014321990526,0.7242426171036322
-0.7062998456475731,-1.0125339414212313,0.7242426171036322
-0.5710211671399898,-1.0945406713182855,0.7242426171036322
-0.42636633685470104,-1.1585750736525031,0.7242426171036322
-0.2747105831057907,-1.2035857053078838,0.7242426171036322
-0.11854408917706835,-1.2288334929570315,0.7242426171036322
0.039568895418614296,-1.2339038686247605,0.7242426171036322
0.19703215984546338,-1.2187135768827846,0.7242426171036322
0.3512601616548991,-1.1835120419015488,0.7242426171036322
0.4997204813210717,-1.1288772719122462,0.7242426171036322
0.6399754044994717,-1.055706368327641,0.7242426171036322
0.7697219492290653,-0.9652007953616737,0.7242426171036322
0.8868296808324286,-0.8588466520202847,0.7242426171036322
0.9893756935942543,-0.738390270396819,0.7242426171036322
1.0756761848200291,-0.6058095409473394,0.7242426171036322
1.1443141028297328,-0.4632814355840123,0.7242426171036322
1.1941624149072425,-0.3131462618565033,0.7242426171036322
1.2244026131463779,-0.15786923516670517,0.7242426171036322
1.234538154328087,-3.0237463982463457e-16,0.7242426171036322
1.3161942282883792,0.0,0.8560786701849025
1.3053882918682085,0.16831118213904667,0.8560786701849025
1.2731479157849688,0.33385869932058393,0.8560786701849025
1.220002486122614,0.4939242658892992,0.8560786701849025
1.1468246493669152,0.6458796096673856,0.8560786701849025
1.0548159835742903,0.7872296281110389,0.8560786701849025
0.9454872684933374,0.915653357825247,0.8560786701849025
0.8206336786031303,1.029042084718568,0.8560786701849025
0.6823053063979025,1.1255339690302137,0.8560786701849025
0.5327734999249696,1.2035446166874497,0.8560786701849025
0.374493567312587,1.2617930950124647,0.8560786701849025
0.210064460678365,1.299322965601528,0.8560786701849025
0.04218610140735001,1.3155179890171365,0.8560786701849025
-0.12638495248247594,1.3101122434225414,0.8560786701849025
-0.29288076894664056,1.283194491010956,0.8560786701849025
-0.4545674912818269,1.2352067205327975,0.8560786701849025
-0.6087902279773623,1.1669368898526231,0.8560786701849025
-0.7530166459604237,1.0795059877027806,0.8560786701849025
-0.8848785514350839,0.9743496270794122,0.8560786701849025
-1.002210775558968,0.8531944725167494,0.8560786701849025
-1.103086726455786,0.7180298883031958,0.8560786701849025
-1.185850023800679,0.571075273174711,0.8560786701849025
-1.2491416965393582,0.414743617848926,0.8560786701849025
-1.2919224971552472,0.25160188378426784,0.8560786701849025
-1.3134899660849724,0.08432885374378155,0.8560786701849025
-1.3134899660849724,-0.08432885374378064,0.8560786701849025
-1.2919224971552474,-0.25160188378426696,0.8560786701849025
-1.2491416965393585,-0.41474361784892516,0.8560786701849025
-1.1858500238006793,-0.5710752731747107,0.8560786701849025
-1.1030867264557864,-0.718029888303195,0.8560786701849025
-1.0022107755589684,-0.8531944725167486,0.8560786701849025
-0.8848785514350844,-0.9743496270794116,0.8560786701849025
-0.7530166459604245,-1.0795059877027802,0.8560786701849025
-0.6087902279773626,-1.166936889852623,0.8560786701849025
-0.4545674912818278,-1.235206720532797,0.8560786701849025
-0.2928807689466409,-1.283194491010956,0.8560786701849025
-0.12638495248247714,-1.3101122434225412,0.8560786701849025
0.042186101407349394,-1.3155179890171365,0.8560786701849025
0.21006446067836382,-1.2993229656015282,0.8560786701849025
0.3744935673125861,-1.2617930950124652,0.8560786701849025
0.5327734999249681,-1.2035446166874504,0.8560786701849025
0.6823053063979017,-1.1255339690302142,0.8560786701849025
0.82063367860313,-1.0290420847185682,0.8560786701849025
0.9454872684933365,-0.9156533578252478,0.8560786701849025
1.0548159835742899,-0.7872296281110394,0.8560786701849025
1.1468246493669145,-0.6458796096673866,0.8560786701849025
1.2200024861226137,-0.4939242658892999,0.8560786701849025
1.2731479157849683,-0.33385869932058526,0.8560786701849025
1.3053882918682083,-0.1683111821390475,0.8560786701849025
1.3161942282883792,-3.2237460974591683e-16,0.8560786701849025
1.4119481807365095,0.0,0.9970842613243904
1.40035610569037,0.18055592579818672,0.9970842613243904
1.3657702221037287,0.3581471282865052,0.9970842613243904
1.3087584292289,0.5298575648298711,0.9970842613243904
1.2302568591287126,0.6928677548074336,0.9970842613243904
1.1315545054139184,0.8445010754064208,0.9970842613243904
1.0142720580037405,0.9822677116947274,0.9970842613243904
0.8803352914422057,1.1039055393132629,0.9970842613243904
0.7319434437333727,1.2074172684953905,0.9970842613243904
0.5715331049141065,1.291103239509676,0.9970842613243904
0.4017382083130362,1.3535893310256883,0.9970842613243904
0.22534678143811782,1.3938495231482557,0.9970842613243904
0.045255166642033856,1.4112227446357788,0.9970842613243904
-0.13557953673916567,1.4054237276717412,0.9970842613243904
-0.314188027875407,1.3765476919543693,0.9970842613243904
-0.4876375602801307,1.325068781191822,0.9970842613243904
-0.6530800974265227,1.2518322776756088,0.9970842613243904
-0.8077990774285451,1.1580407227687333,0.9970842613243904
-0.9492540189120017,1.045234171209759,0.9970842613243904
-1.075122235648467,0.9152649034565793,0.9970842613243904
-1.183336974998943,0.7702670112925062,0.9970842613243904
-1.272121353935053,0.6126213560981907,0.9970842613243904
-1.3400175354092425,0.4449164751735749,0.9970842613243904
-1.3859106659987965,0.26990607802698885,0.9970842613243904
-1.4090471817682189,0.090463830541156,0.9970842613243904
-1.4090471817682189,-0.09046383054115505,0.9970842613243904
-1.3859106659987968,-0.2699060780269879,0.9970842613243904
-1.340017535409243,-0.44491647517357397,0.9970842613243904
-1.2721213539350533,-0.6126213560981904,0.9970842613243904
-1.1833369749989435,-0.7702670112925054,0.9970842613243904
-1.0751222356484675,-0.9152649034565785,0.9970842613243904
-0.9492540189120022,-1.0452341712097586,0.9970842613243904
-0.8077990774285458,-1.1580407227687328,0.9970842613243904
-0.6530800974265231,-1.2518322776756086,0.9970842613243904
-0.48763756028013167,-1.3250687811918218,0.9970842613243904
-0.3141880278754074,-1.3765476919543693,0.9970842613243904
-0.13557953673916695,-1.405423727671741,0.9970842613243904
0.04525516664203319,-1.4112227446357788,0.9970842613243904
0.2253467814381165,-1.393849523148256,0.9970842613243904
0.40173820831303525,-1.3535893310256888,0.9970842613243904
0.571533104914105,-1.2911032395096766,0.9970842613243904
0.7319434437333718,-1.207417268495391,0.9970842613243904
0.8803352914422053,-1.103905539313263,0.9970842613243904
1.0142720580037397,-0.9822677116947282,0.9970842613243904
1.131554505413918,-0.8445010754064213,0.9970842613243904
1.230256859128712,-0.6928677548074347,0.9970842613243904
1.3087584292288998,-0.5298575648298718,0.9970842613243904
1.3657702221037282,-0.35814712828650663,0.9970842613243904
1.40035610569037,-0.18055592579818763,0.9970842613243904
1.4119481807365095,-3.45827564020179e-16,0.9970842613243904
1.5228256411406305,0.0,1.1487697144904483
1.5103232636772597,0.1947346207294519,1.1487697144904483
1.4730214199794482,0.3862717043702554,1.1487697144904483
1.4115326052894497,0.571466217304357,1.1487697144904483
1.3268664642445238,0.7472772707493573,1.1487697144904483
1.220413212539906,0.9108180520682484,1.1487697144904483
1.0939208096255275,1.0594032261531032,1.1487697144904483
0.9494662572601706,1.190593028553307,1.1487697144904483
0.7894214952000136,1.3022333263403865,1.1487697144904483
0.6164144540134074,1.39249098891114,1.1487697144904483
0.4332859045335986,1.4598839879414642,1.1487697144904483
0.2430428124801832,1.5033057322504608,1.1487697144904483
0.04880896416512468,1.5220432379970352,1.1487697144904483
-0.1462263259921285,1.5157888358548548,1.1487697144904483
-0.3388605839192363,1.4846452229341818,1.1487697144904483
-0.5259307604266963,1.4291237764981621,1.1487697144904483
-0.7043651683880907,1.350136157162302,1.1487697144904483
-0.8712339197577789,1.2489793394523658,1.1487697144904483
-1.023797034251606,1.1273143155185195,1.1487697144904483
-1.1595494297474187,0.9871388216901454,1.1487697144904483
-1.2762620556642528,0.8307545357005448,1.1487697144904483
-1.3720184939112492,0.6607292832021897,1.1487697144904483
-1.4452464264197213,0.47985487414050204,1.1487697144904483
-1.4947434525623757,0.29110126131173136,1.1487697144904483
-1.5196968325383693,0.09756777382015086,1.1487697144904483
-1.5196968325383693,-0.09756777382014982,1.1487697144904483
-1.494743452562376,-0.29110126131173036,1.1487697144904483
-1.4452464264197218,-0.47985487414050104,1.1487697144904483
-1.3720184939112494,-0.6607292832021893,1.1487697144904483
-1.2762620556642532,-0.830754535700544,1.1487697144904483
-1.1595494297474194,-0.9871388216901447,1.1487697144904483
-1.0237970342516067,-1.1273143155185188,1.1487697144904483
-0.8712339197577796,-1.2489793394523654,1.1487697144904483
-0.704365168388091,-1.350136157162302,1.1487697144904483
-0.5259307604266973,-1.429123776498162,1.1487697144904483
-0.3388605839192366,-1.4846452229341818,1.1487697144904483
-0.14622632599212987,-1.5157888358548546,1.1487697144904483
0.048808964165123966,-1.5220432379970352,1.1487697144904483
0.24304281248018178,-1.5033057322504613,1.1487697144904483
0.4332859045335976,-1.4598839879414647,1.1487697144904483
0.6164144540134059,-1.3924909889111408,1.1487697144904483
0.7894214952000125,-1.302233326340387,1.1487697144904483
0.9494662572601703,-1.1905930285533073,1.1487697144904483
1.0939208096255264,-1.0594032261531041,1.1487697144904483
1.2204132125399054,-0.910818052068249,1.1487697144904483
1.3268664642445231,-0.7472772707493585,1.1487697144904483
1.4115326052894497,-0.5714662173043578,1.1487697144904483
1.4730214199794478,-0.3862717043702569,1.1487697144904483
1.5103232636772594,-0.19473462072945288,1.1487697144904483
1.5228256411406305,-3.729847094164778e-16,1.1487697144904483
1.6500142282656785,0.0,1.3127597466444079
1.63646763426017,0.21099913624966554,1.3127597466444079
1.5960502869426993,0.41853367251549756,1.3127597466444079
1.5294258380388213,0.619195897449613,1.3127597466444079
1.4376882591576055,0.8096909428662005,1.3127597466444079
1.3223438788080588,0.9868908853860391,1.3127597466444079
1.1852866485266538,1.1478861068519104,1.3127597466444079
1.028767044245459,1.2900330701782976,1.3127597466444079
0.8553551135395542,1.4109977261572462,1.3127597466444079
0.6678982755168983,1.5087938384818305,1.3127597466444079
0.4694745662752993,1.5818155976914003,1.3127597466444079
0.26334209763478467,1.6288639885185299,1.3127597466444079
0.0528855590315924,1.649166477686561,1.3127597466444079
-0.1584393589887984,1.642389698884647,1.3127597466444079
-0.367162707114886,1.608644926633361,1.3127597466444079
-0.5698572537409077,1.5484862491601445,1.3127597466444079
-0.7631947600150579,1.4629014702859315,1.3127597466444079
-0.9440006294294189,1.353295889713718,1.3127597466444079
-1.1093060346068548,1.2214692280462893,1.3127597466444079
-1.256396665364467,1.0695860754236801,1.3127597466444079
-1.382857297611755,0.9001403490129172,1.3127597466444079
-1.4866114512634119,0.7159143429570848,1.3127597466444079
-1.5659554859849154,0.519933043182418,1.3127597466444079
-1.6195865749197227,0.3154144572130206,1.3127597466444079
-1.6466240970702355,0.1057167745762888,1.3127597466444079
-1.6466240970702355,-0.10571677457628767,1.3127597466444079
-1.6195865749197227,-0.3154144572130195,1.3127597466444079
-1.5659554859849159,-0.5199330431824168,1.3127597466444079
-1.486611451263412,-0.7159143429570844,1.3127597466444079
-1.3828572976117555,-0.9001403490129163,1.3127597466444079
-1.2563966653644676,-1.0695860754236792,1.3127597466444079
-1.1093060346068555,-1.2214692280462884,1.3127597466444079
-0.9440006294294198,-1.3532958897137173,1.3127597466444079
-0.7631947600150583,-1.4629014702859313,1.3127597466444079
-0.5698572537409088,-1.548486249160144,1.3127597466444079
-0.3671627071148864,-1.608644926633361,1.3127597466444079
-0.15843935898879988,-1.6423896988846467,1.3127597466444079
0.052885559031591624,-1.649166477686561,1.3127597466444079
0.26334209763478317,-1.6288639885185303,1.3127597466444079
0.46947456627529827,-1.5818155976914008,1.3127597466444079
0.6678982755168965,-1.5087938384818311,1.3127597466444079
0.8553551135395531,-1.4109977261572466,1.3127597466444079
1.0287670442454586,-1.2900330701782976,1.3127597466444079
1.1852866485266527,-1.1478861068519113,1.3127597466444079
1.3223438788080584,-0.9868908853860396,1.3127597466444079
1.4376882591576046,-0.8096909428662017,1.3127597466444079
1.529425838038821,-0.6191958974496139,1.3127597466444079
1.5960502869426987,-0.41853367251549917,1.3127597466444079
1.6364676342601698,-0.2109991362496666,1.3127597466444079
1.6500142282656785,-4.0413692863863065e-16,1.3127597466444079
1.794876270868148,0.0,1.4908108702346867
1.780140361495337,0.22952368309348936,1.4908108702346867
1.7361745966014093,0.4552785936561083,1.4908108702346867
1.6637008928304235,0.6735578422977501,1.4908108702346867
1.5639092663946563,0.8807772897903745,1.4908108702346867
1.4384382930412942,1.0735343985350434,1.4908108702346867
1.2893482026839673,1.2486641021352274,1.4908108702346867
1.1190870504845243,1.4032907756995332,1.4908108702346867
0.9304505198549571,1.53487545352292,1.4908108702346867
0.7265360174130646,1.6412575188333831,1.4908108702346867
0.5106918136514218,1.7206901810596151,1.4908108702346867
0.28646206442845973,1.771869158083896,1.4908108702346867
0.05752861602725389,1.7939540925184063,1.4908108702346867
-0.172349450658655,1.786582350350302,1.4908108702346867
-0.39939754412960693,1.749874975382181,1.4908108702346867
-0.6198875409678914,1.6844347016961894,1.4908108702346867
-0.8301990015211992,1.5913360567770571,1.4908108702346867
-1.0268786174216191,1.4721077178005055,1.4908108702346867
-1.206696914813568,1.3287074107962844,1.4908108702346867
-1.3667012822252147,1.1634897648408875,1.4908108702346867
-1.5042644523672197,0.9791676491132139,1.4908108702346867
-1.617127641788991,0.7787676276576513,1.4908108702346867
-1.7034376400404934,0.565580263286144,1.4908108702346867
-1.7617772393366065,0.34310608662778846,1.4908108702346867
-1.7911885050697731,0.11499811751268448,1.4908108702346867
-1.7911885050697731,-0.11499811751268325,1.4908108702346867
-1.7617772393366067,-0.3431060866277873,1.4908108702346867
-1.7034376400404938,-0.5655802632861427,1.4908108702346867
-1.6171276417889913,-0.778767627657651,1.4908108702346867
-1.5042644523672204,-0.9791676491132129,1.4908108702346867
-1.3667012822252156,-1.1634897648408866,1.4908108702346867
-1.2066969148135687,-1.3287074107962837,1.4908108702346867
-1.0268786174216202,-1.472107717800505,1.4908108702346867
-0.8301990015211996,-1.591336056777057,1.4908108702346867
-0.6198875409678926,-1.684434701696189,1.4908108702346867
-0.3993975441296074,-1.749874975382181,1.4908108702346867
-0.17234945065865662,-1.7865823503503018,1.4908108702346867
0.057528616027253045,-1.7939540925184063,1.4908108702346867
0.28646206442845806,-1.7718691580838963,1.4908108702346867
0.5106918136514207,-1.7206901810596156,1.4908108702346867
0.7265360174130627,-1.6412575188333838,1.4908108702346867
0.9304505198549559,-1.5348754535229208,1.4908108702346867
1.1190870504845238,-1.4032907756995334,1.4908108702346867
1.289348202683966,-1.2486641021352283,1.4908108702346867
1.4384382930412938,-1.0735343985350438,1.4908108702346867
1.5639092663946557,-0.8807772897903758,1.4908108702346867
1.6637008928304233,-0.673557842297751,1.4908108702346867
1.7361745966014086,-0.45527859365611006,1.4908108702346867
1.7801403614953368,-0.2295236830934905,1.4908108702346867
1.794876270868148,-4.3961789599684306e-16,1.4908108702346867
1.9589633997257898,0.0,1.68483020736458
1.9428803372932744,0.2505066794007644,1.68483020736458
1.8948952334362295,0.49690004605139915,1.68483020736458
1.8157960022333677,0.7351343276834132,1.68483020736458
1.7068814508742245,0.9612977239787511,1.68483020736458
1.569939953281011,1.1716766382228678,1.68483020736458
1.4072200850582564,1.3628166544601146,1.68483020736458
1.221393701943544,1.531579258908226,1.68483020736458
1.0155120680101701,1.6751933742678582,1.68483020736458
0.7929557539954158,1.7913008607352328,1.68483020736458
0.5573791284225019,1.8779952365925205,1.68483020736458
0.31265035297046795,1.9338529825849393,1.68483020736458
0.0627878673663448,1.9579569160675654,1.68483020736458
-0.18810559328406942,1.9499112511190022,1.68483020736458
-0.43591036529321947,1.9098480973352714,1.68483020736458
-0.676557501155647,1.838425290593896,1.68483020736458
-0.9060955815535404,1.7368155914069794,1.68483020736458
-1.1207555975526893,1.6066874282260188,1.68483020736458
-1.317012837624984,1.4501775018928589,1.68483020736458
-1.4916447633142613,1.269855701070939,1.68483020736458
-1.641783923228664,1.0686829047444901,1.68483020736458
-1.7649650365132188,0.8499623646674695,1.68483020736458
-1.8591654726933184,0.6172854660610878,1.68483020736458
-1.9228384632111977,0.3744727571677607,1.68483020736458
-1.9549384993228873,0.12551121595459722,1.68483020736458
-1.9549384993228873,-0.12551121595459588,1.68483020736458
-1.922838463211198,-0.3744727571677594,1.68483020736458
-1.8591654726933189,-0.6172854660610865,1.68483020736458
-1.764965036513219,-0.8499623646674691,1.68483020736458
-1.6417839232286646,-1.068682904744489,1.68483020736458
-1.4916447633142622,-1.269855701070938,1.68483020736458
-1.3170128376249848,-1.450177501892858,1.68483020736458
-1.1207555975526904,-1.6066874282260182,1.68483020736458
-0.9060955815535409,-1.7368155914069792,1.68483020736458
-0.6765575011556483,-1.8384252905938956,1.68483020736458
-0.43591036529321997,-1.9098480973352714,1.68483020736458
-0.1881055932840712,-1.949911251119002,1.68483020736458
0.06278786736634388,-1.9579569160675654,1.68483020736458
0.31265035297046617,-1.9338529825849398,1.68483020736458
0.5573791284225006,-1.8779952365925208,1.68483020736458
0.7929557539954137,-1.7913008607352336,1.68483020736458
1.0155120680101688,-1.6751933742678589,1.68483020736458
1.2213937019435435,-1.5315792589082262,1.68483020736458
1.407220085058255,-1.3628166544601157,1.68483020736458
1.5699399532810103,-1.1716766382228685,1.68483020736458
1.7068814508742236,-0.9612977239787527,1.68483020736458
1.8157960022333675,-0.7351343276834142,1.68483020736458
1.8948952334362288,-0.4969000460514011,1.68483020736458
1.9428803372932741,-0.2505066794007656,1.68483020736458
1.9589633997257898,-4.798076514242011e-16,1.68483020736458
2.1440331672988213,0.0,1.8968959171540418
2.1264306846327963,0.2741728759916149,1.8968959171540418
2.0739122689134497,0.5438438409393657,1.8968959171540418
1.987340271074944,0.8045849050542666,1.8968959171540418
1.868136200928375,1.0521147072721269,1.8968959171540418
1.7182573860099752,1.28236881508386,1.8968959171540418
1.540164832317081,1.4915664624049154,1.8968959171540418
1.3367828146576952,1.676272629649863,1.8968959171540418
1.1114508601389859,1.8334544466590175,1.8968959171540418
0.867868913224512,1.9605309923426153,1.8968959171540418
0.6100365827484228,2.0554156733337523,1.8968959171540418
0.3421874684489757,2.1165504857937822,1.8968959171540418
0.06871964537788004,2.142931597792275,1.8968959171540418
-0.20587655237046323,2.134125832199561,1.8968959171540418
-0.4770922628206485,2.0902777794432224,1.8968959171540418
-0.7404741315052457,2.012107423337275,1.8968959171540418
-0.9916974354220391,1.9008983189678414,1.8968959171540418
-1.2266370948661582,1.7584765167541268,1.8968959171540418
-1.441435407124788,1.5871805787510167,1.8968959171540418
-1.6325653898490613,1.3898231795247906,1.8968959171540418
-1.7968886940067192,1.169644922114503,1.8968959171540418
-1.9317071354864568,0.9302611274196738,1.8968959171540418
-2.034806999206433,0.6756024707310714,1.8968959171540418
-2.1044953882547146,0.4098504401511031,1.8968959171540418
-2.13962802120977,0.1373686766747808,1.8968959171540418
-2.13962802120977,-0.13736867667477937,1.8968959171540418
-2.104495388254715,-0.4098504401511017,1.8968959171540418
-2.0348069992064333,-0.6756024707310699,1.8968959171540418
-1.931707135486457,-0.9302611274196734,1.8968959171540418
-1.7968886940067201,-1.1696449221145018,1.8968959171540418
-1.6325653898490622,-1.3898231795247895,1.8968959171540418
-1.4414354071247888,-1.5871805787510158,1.8968959171540418
-1.2266370948661593,-1.758476516754126,1.8968959171540418
-0.9916974354220396,-1.9008983189678412,1.8968959171540418
-0.7404741315052471,-2.0121074233372744,1.8968959171540418
-0.477092262820649,-2.0902777794432224,1.8968959171540418
-0.20587655237046515,-2.1341258321995604,1.8968959171540418
0.06871964537787903,-2.142931597792275,1.8968959171540418
0.34218746844897374,-2.1165504857937827,1.8968959171540418
0.6100365827484213,-2.0554156733337527,1.8968959171540418
0.8678689132245098,-1.9605309923426162,1.8968959171540418
1.1114508601389843,-1.8334544466590181,1.8968959171540418
1.3367828146576946,-1.6762726296498631,1.8968959171540418
1.5401648323170796,-1.4915664624049165,1.8968959171540418
1.7182573860099746,-1.2823688150838606,1.8968959171540418
1.8681362009283742,-1.0521147072721286,1.8968959171540418
1.9873402710749437,-0.8045849050542677,1.8968959171540418
2.0739122689134493,-0.5438438409393678,1.8968959171540418
2.126430684632796,-0.2741728759916162,1.8968959171540418
2.1440331672988213,-5.251366711196527e-16,1.8968959171540418
2.352067873037386,0.0,2.1292794550948173
2.332757428312962,0.3007757636933339,2.1292794550948173
2.2751431711081995,0.5966127976622181,2.1292794550948173
2.180171125933568,0.8826534659877397,2.1292794550948173
2.049400731145192,1.1542009888040148,2.1292794550948173
1.8849792330101527,1.4067965632937367,2.1292794550948173
1.6896064279821508,1.6362925771071657,2.1292794550948173
1.4664903321183727,1.838920712042245,2.1292794550948173
1.2192945055445246,2.0113538197252976,2.1292794550948173
0.9520778968988516,2.150760553295339,2.1292794550948173
0.6692281955077135,2.2548518580412553,2.1292794550948173
0.3753897856481505,2.321918557616879,2.1292794550948173
0.07538748588645613,2.350859418669337,2.1292794550948173
-0.22585267430929432,2.3411992330602605,2.1292794550948173
-0.5233843398369209,2.293096620770281,2.1292794550948173
-0.8123220489741657,2.2073414253633317,2.1292794550948173
-1.08792145252511,2.085341744777164,2.1292794550948173
-1.345657215902804,1.9291008103941396,2.1292794550948173
-1.5812973249980757,1.741184094037314,2.1292794550948173
-1.7909725757342034,1.5246771829940284,2.1292794550948173
-1.9712401062908846,1.2831351147579564,2.1292794550948173
-2.119139928800144,1.020524003411743,2.1292794550948173
-2.232243532265291,0.7411559161434188,2.1292794550948173
-2.3086937586443446,0.4496180692223807,2.1292794550948173
-2.347235297333742,0.1506975060350736,2.1292794550948173
-2.347235297333742,-0.15069750603507198,2.1292794550948173
-2.308693758644345,-0.4496180692223791,2.1292794550948173
-2.2322435322652914,-0.7411559161434172,2.1292794550948173
-2.1191399288001445,-1.0205240034117427,2.1292794550948173
-1.9712401062908853,-1.2831351147579553,2.1292794550948173
-1.7909725757342043,-1.524677182994027,2.1292794550948173
-1.5812973249980768,-1.741184094037313,2.1292794550948173
-1.3456572159028053,-1.9291008103941387,2.1292794550948173
-1.0879214525251106,-2.0853417447771636,2.1292794550948173
-0.8123220489741673,-2.2073414253633312,2.1292794550948173
-0.5233843398369215,-2.293096620770281,2.1292794550948173
-0.22585267430929643,-2.3411992330602605,2.1292794550948173
0.07538748588645502,-2.350859418669337,2.1292794550948173
0.3753897856481484,-2.3219185576168795,2.1292794550948173
0.669228195507712,-2.2548518580412558,2.1292794550948173
0.9520778968988491,-2.1507605532953398,2.1292794550948173
1.219294505544523,-2.0113538197252985,2.1292794550948173
1.4664903321183722,-1.8389207120422453,2.1292794550948173
1.6896064279821492,-1.636292577107167,2.1292794550948173
1.884979233010152,-1.4067965632937374,2.1292794550948173
2.049400731145191,-1.1542009888040168,2.1292794550948173
2.1801711259335677,-0.8826534659877409,2.1292794550948173
2.2751431711081986,-0.5966127976622204,2.1292794550948173
2.332757428312962,-0.3007757636933354,2.1292794550948173
2.352067873037386,-5.760904784185115e-16,2.1292794550948173
